{
  "project_info": {
    "project_number": "1026754605232",
    "project_id": "appalunos-13108",
    "storage_bucket": "appalunos-13108.firebasestorage.app"
  },
  "client": [
    {
      "client_info": {
        "mobilesdk_app_id": "1:1026754605232:android:9718e120311f3e332c8b75",
        "android_client_info": {
          "package_name": "com.example.appalunos"
        }
      },
      "oauth_client": [],
      "api_key": [
        {
          "current_key": "AIzaSyDnp8xj-slxyb5f-Nv5s73nPxGejBUn5qo"
        }
      ],
      "services": {
        "appinvite_service": {
          "other_platform_oauth_client": []
        }
      }
    }
  ],
  "configuration_version": "1"
}